frame_number,timestamp,src_mac,dst_mac,appid,gocb_ref,time_allowed,st_num,sq_num,test,conf_rev,nds_com,packet_size,time_diff
1,2025-08-16 16:09:09.780297,00:60:36:50:a3:26,01:0c:cd:01:05:36,0x0536,I_T1102ARPIT/LLN0$GO$gocb3,10000,224190,0,N/A,1,False,315,
2,2025-08-16 16:09:09.782370,00:60:36:50:a3:26,01:0c:cd:01:05:36,0x0536,I_T1102ARPIT/LLN0$GO$gocb3,10000,224190,1,N/A,1,False,315,0.002073
3,2025-08-16 16:09:09.784822,00:60:36:50:a3:26,01:0c:cd:01:05:36,0x0536,I_T1102ARPIT/LLN0$GO$gocb3,10000,224190,2,N/A,1,False,315,0.002452
4,2025-08-16 16:09:09.788178,00:60:36:50:a3:26,01:0c:cd:01:05:36,0x0536,I_T1102ARPIT/LLN0$GO$gocb3,10000,224190,3,N/A,1,False,315,0.003356
5,2025-08-16 16:09:09.796432,00:60:36:50:a3:26,01:0c:cd:01:05:36,0x0536,I_T1102ARPIT/LLN0$GO$gocb3,10000,224190,4,N/A,1,False,315,0.008254
6,2025-08-16 16:09:10.187017,00:60:36:86:31:46,01:0c:cd:01:05:41,0x0541,NIT1102ARPIT/LLN0$GO$gocb2,10000,1155741,0,N/A,1,False,343,0.390585
7,2025-08-16 16:09:10.188984,00:60:36:86:31:46,01:0c:cd:01:05:41,0x0541,NIT1102ARPIT/LLN0$GO$gocb2,10000,1155741,1,N/A,1,False,343,0.001967
8,2025-08-16 16:09:10.190997,00:60:36:86:31:46,01:0c:cd:01:05:41,0x0541,NIT1102ARPIT/LLN0$GO$gocb2,10000,1155741,2,N/A,1,False,343,0.002013
9,2025-08-16 16:09:10.195031,00:60:36:86:31:46,01:0c:cd:01:05:41,0x0541,NIT1102ARPIT/LLN0$GO$gocb2,10000,1155741,3,N/A,1,False,343,0.004034
10,2025-08-16 16:09:10.202994,00:60:36:86:31:46,01:0c:cd:01:05:41,0x0541,NIT1102ARPIT/LLN0$GO$gocb2,10000,1155741,4,N/A,1,False,343,0.007963
11,2025-08-16 16:09:10.387994,00:60:36:76:21:88,01:0c:cd:01:05:37,0x0537,I_T1002ARPIT/LLN0$GO$gocb0,10000,2,52992,N/A,1,False,320,0.185
12,2025-08-16 16:09:10.414954,00:60:36:50:a3:26,01:0c:cd:01:05:36,0x0536,I_T1102ARPIT/LLN0$GO$gocb3,10000,224191,0,N/A,1,False,315,0.02696
13,2025-08-16 16:09:10.416977,00:60:36:50:a3:26,01:0c:cd:01:05:36,0x0536,I_T1102ARPIT/LLN0$GO$gocb3,10000,224191,1,N/A,1,False,315,0.002023
14,2025-08-16 16:09:10.418962,00:60:36:50:a3:26,01:0c:cd:01:05:36,0x0536,I_T1102ARPIT/LLN0$GO$gocb3,10000,224191,2,N/A,1,False,315,0.001985
15,2025-08-16 16:09:10.422963,00:60:36:50:a3:26,01:0c:cd:01:05:36,0x0536,I_T1102ARPIT/LLN0$GO$gocb3,10000,224191,3,N/A,1,False,315,0.004001
16,2025-08-16 16:09:10.431028,00:60:36:50:a3:26,01:0c:cd:01:05:36,0x0536,I_T1102ARPIT/LLN0$GO$gocb3,10000,224191,4,N/A,1,False,315,0.008065
17,2025-08-16 16:09:10.832521,00:60:36:86:31:46,01:0c:cd:01:05:41,0x0541,NIT1102ARPIT/LLN0$GO$gocb2,10000,1155742,0,N/A,1,False,343,0.401493
18,2025-08-16 16:09:10.834551,00:60:36:86:31:46,01:0c:cd:01:05:41,0x0541,NIT1102ARPIT/LLN0$GO$gocb2,10000,1155742,1,N/A,1,False,343,0.00203
19,2025-08-16 16:09:10.836494,00:60:36:86:31:46,01:0c:cd:01:05:41,0x0541,NIT1102ARPIT/LLN0$GO$gocb2,10000,1155742,2,N/A,1,False,343,0.001943
20,2025-08-16 16:09:10.840475,00:60:36:86:31:46,01:0c:cd:01:05:41,0x0541,NIT1102ARPIT/LLN0$GO$gocb2,10000,1155742,3,N/A,1,False,343,0.003981
21,2025-08-16 16:09:10.848483,00:60:36:86:31:46,01:0c:cd:01:05:41,0x0541,NIT1102ARPIT/LLN0$GO$gocb2,10000,1155742,4,N/A,1,False,343,0.008008
22,2025-08-16 16:09:11.105220,00:10:00:00:05:2c,01:0c:cd:01:05:2d,0x052d,C_T1003XPIGO/LLN0$GO$gocb2,10000,15,138175,N/A,1,False,288,0.256737
23,2025-08-16 16:09:11.171883,00:60:36:50:a3:26,01:0c:cd:01:05:33,0x0533,I_T1102ARPIT/LLN0$GO$gocb0,10000,34,55765,N/A,1,False,320,0.066663
24,2025-08-16 16:09:11.349936,00:60:36:86:31:46,01:0c:cd:01:05:41,0x0541,NIT1102ARPIT/LLN0$GO$gocb2,10000,1155743,0,N/A,1,False,343,0.178053
25,2025-08-16 16:09:11.351912,00:60:36:86:31:46,01:0c:cd:01:05:41,0x0541,NIT1102ARPIT/LLN0$GO$gocb2,10000,1155743,1,N/A,1,False,343,0.001976
26,2025-08-16 16:09:11.353909,00:60:36:86:31:46,01:0c:cd:01:05:41,0x0541,NIT1102ARPIT/LLN0$GO$gocb2,10000,1155743,2,N/A,1,False,343,0.001997
27,2025-08-16 16:09:11.357856,00:60:36:86:31:46,01:0c:cd:01:05:41,0x0541,NIT1102ARPIT/LLN0$GO$gocb2,10000,1155743,3,N/A,1,False,343,0.003947
28,2025-08-16 16:09:11.366881,00:60:36:86:31:46,01:0c:cd:01:05:41,0x0541,NIT1102ARPIT/LLN0$GO$gocb2,10000,1155743,4,N/A,1,False,343,0.009025
29,2025-08-16 16:09:11.382714,00:a0:03:6a:70:60,01:0c:cd:01:05:32,0x0532,P_T1102APIGO/LLN0$GO$gocb0,10000,1,3078,N/A,1,False,233,0.015833
30,2025-08-16 16:09:11.524686,00:60:36:50:a3:26,01:0c:cd:01:05:36,0x0536,I_T1102ARPIT/LLN0$GO$gocb3,10000,224192,0,N/A,1,False,315,0.141972
31,2025-08-16 16:09:11.526604,00:60:36:50:a3:26,01:0c:cd:01:05:36,0x0536,I_T1102ARPIT/LLN0$GO$gocb3,10000,224192,1,N/A,1,False,315,0.001918
32,2025-08-16 16:09:11.528626,00:60:36:50:a3:26,01:0c:cd:01:05:36,0x0536,I_T1102ARPIT/LLN0$GO$gocb3,10000,224192,2,N/A,1,False,315,0.002022
33,2025-08-16 16:09:11.532618,00:60:36:50:a3:26,01:0c:cd:01:05:36,0x0536,I_T1102ARPIT/LLN0$GO$gocb3,10000,224192,3,N/A,1,False,315,0.003992
34,2025-08-16 16:09:11.540627,00:60:36:50:a3:26,01:0c:cd:01:05:36,0x0536,I_T1102ARPIT/LLN0$GO$gocb3,10000,224192,4,N/A,1,False,315,0.008009
35,2025-08-16 16:09:11.868411,00:60:36:86:31:46,01:0c:cd:01:05:41,0x0541,NIT1102ARPIT/LLN0$GO$gocb2,10000,1155744,0,N/A,1,False,343,0.327784
36,2025-08-16 16:09:11.873098,00:60:36:86:31:46,01:0c:cd:01:05:41,0x0541,NIT1102ARPIT/LLN0$GO$gocb2,10000,1155744,1,N/A,1,False,343,0.004687
37,2025-08-16 16:09:11.873098,00:60:36:86:31:46,01:0c:cd:01:05:41,0x0541,NIT1102ARPIT/LLN0$GO$gocb2,10000,1155744,2,N/A,1,False,343,0.0
38,2025-08-16 16:09:11.873618,00:60:36:50:a3:26,01:0c:cd:01:05:34,0x0534,I_T1102ARPIT/LLN0$GO$gocb1,10000,47,2905,N/A,1,False,356,0.00052
39,2025-08-16 16:09:11.881075,00:60:36:86:31:46,01:0c:cd:01:05:41,0x0541,NIT1102ARPIT/LLN0$GO$gocb2,10000,1155744,3,N/A,1,False,343,0.007457
40,2025-08-16 16:09:11.884675,00:60:36:86:31:46,01:0c:cd:01:05:41,0x0541,NIT1102ARPIT/LLN0$GO$gocb2,10000,1155744,4,N/A,1,False,343,0.0036
41,2025-08-16 16:09:12.079739,00:10:00:00:05:26,01:0c:cd:01:05:27,0x0527,C_T1102XPIGO/LLN0$GO$gocb2,10000,1,2907,N/A,1,False,287,0.195064
42,2025-08-16 16:09:12.080696,00:10:00:00:05:26,01:0c:cd:01:05:28,0x0528,C_T1102XPIGO/LLN0$GO$gocb3,10000,1,2907,N/A,1,False,165,0.000957
43,2025-08-16 16:09:12.154037,00:60:36:50:a3:26,01:0c:cd:01:05:36,0x0536,I_T1102ARPIT/LLN0$GO$gocb3,10000,224193,0,N/A,1,False,315,0.073341
44,2025-08-16 16:09:12.156006,00:60:36:50:a3:26,01:0c:cd:01:05:36,0x0536,I_T1102ARPIT/LLN0$GO$gocb3,10000,224193,1,N/A,1,False,315,0.001969
45,2025-08-16 16:09:12.158061,00:60:36:50:a3:26,01:0c:cd:01:05:36,0x0536,I_T1102ARPIT/LLN0$GO$gocb3,10000,224193,2,N/A,1,False,315,0.002055
46,2025-08-16 16:09:12.161955,00:60:36:50:a3:26,01:0c:cd:01:05:36,0x0536,I_T1102ARPIT/LLN0$GO$gocb3,10000,224193,3,N/A,1,False,315,0.003894
47,2025-08-16 16:09:12.170016,00:60:36:50:a3:26,01:0c:cd:01:05:36,0x0536,I_T1102ARPIT/LLN0$GO$gocb3,10000,224193,4,N/A,1,False,315,0.008061
48,2025-08-16 16:09:12.518763,00:60:36:86:31:46,01:0c:cd:01:05:41,0x0541,NIT1102ARPIT/LLN0$GO$gocb2,10000,1155745,0,N/A,1,False,343,0.348747
49,2025-08-16 16:09:12.518763,00:60:36:86:31:46,01:0c:cd:01:05:41,0x0541,NIT1102ARPIT/LLN0$GO$gocb2,10000,1155745,1,N/A,1,False,343,0.0
50,2025-08-16 16:09:12.523306,00:60:36:86:31:46,01:0c:cd:01:05:41,0x0541,NIT1102ARPIT/LLN0$GO$gocb2,10000,1155745,2,N/A,1,False,343,0.004543
51,2025-08-16 16:09:12.527073,00:60:36:86:31:46,01:0c:cd:01:05:41,0x0541,NIT1102ARPIT/LLN0$GO$gocb2,10000,1155745,3,N/A,1,False,343,0.003767
52,2025-08-16 16:09:12.534496,00:60:36:86:31:46,01:0c:cd:01:05:41,0x0541,NIT1102ARPIT/LLN0$GO$gocb2,10000,1155745,4,N/A,1,False,343,0.007423
53,2025-08-16 16:09:12.718018,00:60:36:76:21:88,01:0c:cd:01:05:3a,0x053a,I_T1002ARPIT/LLN0$GO$gocb3,10000,27,3347,N/A,1,False,315,0.183522
54,2025-08-16 16:09:12.762803,00:60:36:76:21:88,01:0c:cd:01:05:39,0x0539,I_T1002ARPIT/LLN0$GO$gocb2,10000,3,52878,N/A,1,False,1059,0.044785
55,2025-08-16 16:09:12.838914,00:60:36:86:31:46,01:0c:cd:01:05:40,0x0540,NIT1102ARPIT/LLN0$GO$gocb1,10000,63,12,N/A,1,False,398,0.076111
56,2025-08-16 16:09:12.904936,00:60:36:86:31:46,01:0c:cd:01:05:41,0x0541,NIT1102ARPIT/LLN0$GO$gocb2,10000,1155746,0,N/A,1,False,343,0.066022
57,2025-08-16 16:09:12.907036,00:60:36:86:31:46,01:0c:cd:01:05:41,0x0541,NIT1102ARPIT/LLN0$GO$gocb2,10000,1155746,1,N/A,1,False,343,0.0021
58,2025-08-16 16:09:12.908876,00:60:36:86:31:46,01:0c:cd:01:05:41,0x0541,NIT1102ARPIT/LLN0$GO$gocb2,10000,1155746,2,N/A,1,False,343,0.00184
59,2025-08-16 16:09:12.912971,00:60:36:86:31:46,01:0c:cd:01:05:41,0x0541,NIT1102ARPIT/LLN0$GO$gocb2,10000,1155746,3,N/A,1,False,343,0.004095
60,2025-08-16 16:09:12.920970,00:60:36:86:31:46,01:0c:cd:01:05:41,0x0541,NIT1102ARPIT/LLN0$GO$gocb2,10000,1155746,4,N/A,1,False,343,0.007999
61,2025-08-16 16:09:13.045162,00:60:36:50:a3:26,01:0c:cd:01:05:35,0x0535,I_T1102ARPIT/LLN0$GO$gocb2,10000,65,20592,N/A,1,False,1059,0.124192
62,2025-08-16 16:09:13.158034,00:10:00:00:05:2c,01:0c:cd:01:05:2c,0x052c,C_T1003XPIGO/LLN0$GO$gocb1,10000,1,279488,N/A,1,False,202,0.112872
63,2025-08-16 16:09:13.158034,00:10:00:00:05:2c,01:0c:cd:01:05:2e,0x052e,C_T1003XPIGO/LLN0$GO$gocb3,10000,1,279488,N/A,1,False,166,0.0
64,2025-08-16 16:09:13.219770,00:10:00:00:05:26,01:0c:cd:01:05:26,0x0526,C_T1102XPIGO/LLN0$GO$gocb1,10000,2,2906,N/A,1,False,201,0.061736
65,2025-08-16 16:09:13.234104,00:60:36:50:a3:26,01:0c:cd:01:05:36,0x0536,I_T1102ARPIT/LLN0$GO$gocb3,10000,224194,0,N/A,1,False,315,0.014334
66,2025-08-16 16:09:13.236109,00:60:36:50:a3:26,01:0c:cd:01:05:36,0x0536,I_T1102ARPIT/LLN0$GO$gocb3,10000,224194,1,N/A,1,False,315,0.002005
67,2025-08-16 16:09:13.238093,00:60:36:50:a3:26,01:0c:cd:01:05:36,0x0536,I_T1102ARPIT/LLN0$GO$gocb3,10000,224194,2,N/A,1,False,315,0.001984
68,2025-08-16 16:09:13.242263,00:60:36:50:a3:26,01:0c:cd:01:05:36,0x0536,I_T1102ARPIT/LLN0$GO$gocb3,10000,224194,3,N/A,1,False,315,0.00417
69,2025-08-16 16:09:13.249914,00:60:36:50:a3:26,01:0c:cd:01:05:36,0x0536,I_T1102ARPIT/LLN0$GO$gocb3,10000,224194,4,N/A,1,False,315,0.007651
71,2025-08-16 16:09:13.524502,00:10:00:00:05:2f,01:0c:cd:01:05:30,0x0530,CBT1102XPIGO/LLN0$GO$gocb2,10000,1,3111,N/A,1,False,287,0.274588
70,2025-08-16 16:09:13.524502,00:10:00:00:05:2f,01:0c:cd:01:05:2f,0x052f,CBT1102XPIGO/LLN0$GO$gocb1,10000,1,3111,N/A,1,False,201,0.0
72,2025-08-16 16:09:13.525185,00:10:00:00:05:2f,01:0c:cd:01:05:31,0x0531,CBT1102XPIGO/LLN0$GO$gocb3,10000,1,3111,N/A,1,False,165,0.000683
73,2025-08-16 16:09:13.533899,00:60:36:14:96:56,01:0c:cd:01:05:3d,0x053d,I_T1003ARPIT/LLN0$GO$gocb2,10000,1,52990,N/A,1,False,1059,0.008714
74,2025-08-16 16:09:13.552411,00:60:36:86:31:46,01:0c:cd:01:05:41,0x0541,NIT1102ARPIT/LLN0$GO$gocb2,10000,1155747,0,N/A,1,False,343,0.018512
75,2025-08-16 16:09:13.554425,00:60:36:86:31:46,01:0c:cd:01:05:41,0x0541,NIT1102ARPIT/LLN0$GO$gocb2,10000,1155747,1,N/A,1,False,343,0.002014
76,2025-08-16 16:09:13.557272,00:60:36:86:31:46,01:0c:cd:01:05:41,0x0541,NIT1102ARPIT/LLN0$GO$gocb2,10000,1155747,2,N/A,1,False,343,0.002847
77,2025-08-16 16:09:13.560454,00:60:36:86:31:46,01:0c:cd:01:05:41,0x0541,NIT1102ARPIT/LLN0$GO$gocb2,10000,1155747,3,N/A,1,False,343,0.003182
78,2025-08-16 16:09:13.568412,00:60:36:86:31:46,01:0c:cd:01:05:41,0x0541,NIT1102ARPIT/LLN0$GO$gocb2,10000,1155747,4,N/A,1,False,343,0.007958
79,2025-08-16 16:09:13.696553,00:60:36:50:a3:26,01:0c:cd:01:05:36,0x0536,I_T1102ARPIT/LLN0$GO$gocb3,10000,224195,0,N/A,1,False,315,0.128141
80,2025-08-16 16:09:13.698587,00:60:36:50:a3:26,01:0c:cd:01:05:36,0x0536,I_T1102ARPIT/LLN0$GO$gocb3,10000,224195,1,N/A,1,False,315,0.002034
81,2025-08-16 16:09:13.700646,00:60:36:50:a3:26,01:0c:cd:01:05:36,0x0536,I_T1102ARPIT/LLN0$GO$gocb3,10000,224195,2,N/A,1,False,315,0.002059
82,2025-08-16 16:09:13.704627,00:60:36:50:a3:26,01:0c:cd:01:05:36,0x0536,I_T1102ARPIT/LLN0$GO$gocb3,10000,224195,3,N/A,1,False,315,0.003981
83,2025-08-16 16:09:13.712533,00:60:36:50:a3:26,01:0c:cd:01:05:36,0x0536,I_T1102ARPIT/LLN0$GO$gocb3,10000,224195,4,N/A,1,False,315,0.007906
84,2025-08-16 16:09:13.735942,00:60:36:76:21:88,01:0c:cd:01:05:38,0x0538,I_T1002ARPIT/LLN0$GO$gocb1,10000,20,2979,N/A,1,False,356,0.023409
85,2025-08-16 16:09:13.807843,00:10:00:00:05:29,01:0c:cd:01:05:29,0x0529,C_T1002XPIGO/LLN0$GO$gocb1,10000,1,2981,N/A,1,False,201,0.071901
86,2025-08-16 16:09:13.808741,00:10:00:00:05:29,01:0c:cd:01:05:2a,0x052a,C_T1002XPIGO/LLN0$GO$gocb2,10000,1,2981,N/A,1,False,287,0.000898
87,2025-08-16 16:09:13.809422,00:10:00:00:05:29,01:0c:cd:01:05:2b,0x052b,C_T1002XPIGO/LLN0$GO$gocb3,10000,1,2981,N/A,1,False,165,0.000681
88,2025-08-16 16:09:14.004304,00:60:36:14:96:56,01:0c:cd:01:05:3e,0x053e,I_T1003ARPIT/LLN0$GO$gocb3,10000,29,3239,N/A,1,False,315,0.194882
89,2025-08-16 16:09:14.027414,00:60:36:14:96:56,01:0c:cd:01:05:3b,0x053b,I_T1003ARPIT/LLN0$GO$gocb0,10000,2,52988,N/A,1,False,320,0.02311
90,2025-08-16 16:09:14.200415,00:60:36:86:31:46,01:0c:cd:01:05:41,0x0541,NIT1102ARPIT/LLN0$GO$gocb2,10000,1155748,0,N/A,1,False,343,0.173001
91,2025-08-16 16:09:14.202416,00:60:36:86:31:46,01:0c:cd:01:05:41,0x0541,NIT1102ARPIT/LLN0$GO$gocb2,10000,1155748,1,N/A,1,False,343,0.002001
92,2025-08-16 16:09:14.204394,00:60:36:86:31:46,01:0c:cd:01:05:41,0x0541,NIT1102ARPIT/LLN0$GO$gocb2,10000,1155748,2,N/A,1,False,343,0.001978
93,2025-08-16 16:09:14.208412,00:60:36:86:31:46,01:0c:cd:01:05:41,0x0541,NIT1102ARPIT/LLN0$GO$gocb2,10000,1155748,3,N/A,1,False,343,0.004018
94,2025-08-16 16:09:14.216344,00:60:36:86:31:46,01:0c:cd:01:05:41,0x0541,NIT1102ARPIT/LLN0$GO$gocb2,10000,1155748,4,N/A,1,False,343,0.007932
95,2025-08-16 16:09:14.313676,00:60:36:50:a3:26,01:0c:cd:01:05:36,0x0536,I_T1102ARPIT/LLN0$GO$gocb3,10000,224196,0,N/A,1,False,315,0.097332
96,2025-08-16 16:09:14.316116,00:60:36:50:a3:26,01:0c:cd:01:05:36,0x0536,I_T1102ARPIT/LLN0$GO$gocb3,10000,224196,1,N/A,1,False,315,0.00244
97,2025-08-16 16:09:14.320345,00:60:36:50:a3:26,01:0c:cd:01:05:36,0x0536,I_T1102ARPIT/LLN0$GO$gocb3,10000,224196,2,N/A,1,False,315,0.004229
98,2025-08-16 16:09:14.321592,00:60:36:50:a3:26,01:0c:cd:01:05:36,0x0536,I_T1102ARPIT/LLN0$GO$gocb3,10000,224196,3,N/A,1,False,315,0.001247
99,2025-08-16 16:09:14.329551,00:60:36:50:a3:26,01:0c:cd:01:05:36,0x0536,I_T1102ARPIT/LLN0$GO$gocb3,10000,224196,4,N/A,1,False,315,0.007959
100,2025-08-16 16:09:14.349275,00:60:36:14:96:56,01:0c:cd:01:05:3c,0x053c,I_T1003ARPIT/LLN0$GO$gocb1,10000,12,3060,N/A,1,False,356,0.019724
101,2025-08-16 16:09:14.350011,00:60:36:86:31:46,01:0c:cd:01:05:3f,0x053f,NIT1102ARPIT/LLN0$GO$gocb0,10000,110,3060,N/A,1,False,605,0.000736
102,2025-08-16 16:09:14.718897,00:60:36:86:31:46,01:0c:cd:01:05:41,0x0541,NIT1102ARPIT/LLN0$GO$gocb2,10000,1155749,0,N/A,1,False,343,0.368886
103,2025-08-16 16:09:14.720801,00:60:36:86:31:46,01:0c:cd:01:05:41,0x0541,NIT1102ARPIT/LLN0$GO$gocb2,10000,1155749,1,N/A,1,False,343,0.001904
104,2025-08-16 16:09:14.723136,00:60:36:86:31:46,01:0c:cd:01:05:41,0x0541,NIT1102ARPIT/LLN0$GO$gocb2,10000,1155749,2,N/A,1,False,343,0.002335
105,2025-08-16 16:09:14.726950,00:60:36:86:31:46,01:0c:cd:01:05:41,0x0541,NIT1102ARPIT/LLN0$GO$gocb2,10000,1155749,3,N/A,1,False,343,0.003814
106,2025-08-16 16:09:14.735021,00:60:36:86:31:46,01:0c:cd:01:05:41,0x0541,NIT1102ARPIT/LLN0$GO$gocb2,10000,1155749,4,N/A,1,False,343,0.008071
107,2025-08-16 16:09:14.776470,00:60:36:50:a3:26,01:0c:cd:01:05:36,0x0536,I_T1102ARPIT/LLN0$GO$gocb3,10000,224197,0,N/A,1,False,315,0.041449
108,2025-08-16 16:09:14.778549,00:60:36:50:a3:26,01:0c:cd:01:05:36,0x0536,I_T1102ARPIT/LLN0$GO$gocb3,10000,224197,1,N/A,1,False,315,0.002079
109,2025-08-16 16:09:14.780937,00:60:36:50:a3:26,01:0c:cd:01:05:36,0x0536,I_T1102ARPIT/LLN0$GO$gocb3,10000,224197,2,N/A,1,False,315,0.002388
110,2025-08-16 16:09:14.784611,00:60:36:50:a3:26,01:0c:cd:01:05:36,0x0536,I_T1102ARPIT/LLN0$GO$gocb3,10000,224197,3,N/A,1,False,315,0.003674
111,2025-08-16 16:09:14.792770,00:60:36:50:a3:26,01:0c:cd:01:05:36,0x0536,I_T1102ARPIT/LLN0$GO$gocb3,10000,224197,4,N/A,1,False,315,0.008159
112,2025-08-16 16:09:15.238212,00:60:36:86:31:46,01:0c:cd:01:05:41,0x0541,NIT1102ARPIT/LLN0$GO$gocb2,10000,1155750,0,N/A,1,False,343,0.445442
113,2025-08-16 16:09:15.239313,00:60:36:86:31:46,01:0c:cd:01:05:41,0x0541,NIT1102ARPIT/LLN0$GO$gocb2,10000,1155750,1,N/A,1,False,343,0.001101
114,2025-08-16 16:09:15.241503,00:60:36:86:31:46,01:0c:cd:01:05:41,0x0541,NIT1102ARPIT/LLN0$GO$gocb2,10000,1155750,2,N/A,1,False,343,0.00219
115,2025-08-16 16:09:15.246288,00:60:36:86:31:46,01:0c:cd:01:05:41,0x0541,NIT1102ARPIT/LLN0$GO$gocb2,10000,1155750,3,N/A,1,False,343,0.004785
116,2025-08-16 16:09:15.253996,00:60:36:86:31:46,01:0c:cd:01:05:41,0x0541,NIT1102ARPIT/LLN0$GO$gocb2,10000,1155750,4,N/A,1,False,343,0.007708
117,2025-08-16 16:09:15.368040,00:60:36:86:31:46,01:0c:cd:01:05:41,0x0541,NIT1102ARPIT/LLN0$GO$gocb2,10000,1155751,0,N/A,1,False,343,0.114044
118,2025-08-16 16:09:15.369619,00:60:36:86:31:46,01:0c:cd:01:05:41,0x0541,NIT1102ARPIT/LLN0$GO$gocb2,10000,1155751,1,N/A,1,False,343,0.001579
119,2025-08-16 16:09:15.372019,00:60:36:86:31:46,01:0c:cd:01:05:41,0x0541,NIT1102ARPIT/LLN0$GO$gocb2,10000,1155751,2,N/A,1,False,343,0.0024
120,2025-08-16 16:09:15.376365,00:60:36:86:31:46,01:0c:cd:01:05:41,0x0541,NIT1102ARPIT/LLN0$GO$gocb2,10000,1155751,3,N/A,1,False,343,0.004346
121,2025-08-16 16:09:15.383981,00:60:36:86:31:46,01:0c:cd:01:05:41,0x0541,NIT1102ARPIT/LLN0$GO$gocb2,10000,1155751,4,N/A,1,False,343,0.007616
122,2025-08-16 16:09:15.388021,00:60:36:76:21:88,01:0c:cd:01:05:37,0x0537,I_T1002ARPIT/LLN0$GO$gocb0,10000,2,52993,N/A,1,False,320,0.00404
123,2025-08-16 16:09:15.395914,00:60:36:50:a3:26,01:0c:cd:01:05:36,0x0536,I_T1102ARPIT/LLN0$GO$gocb3,10000,224198,0,N/A,1,False,315,0.007893
124,2025-08-16 16:09:15.398005,00:60:36:50:a3:26,01:0c:cd:01:05:36,0x0536,I_T1102ARPIT/LLN0$GO$gocb3,10000,224198,1,N/A,1,False,315,0.002091
125,2025-08-16 16:09:15.399975,00:60:36:50:a3:26,01:0c:cd:01:05:36,0x0536,I_T1102ARPIT/LLN0$GO$gocb3,10000,224198,2,N/A,1,False,315,0.00197
126,2025-08-16 16:09:15.404160,00:60:36:50:a3:26,01:0c:cd:01:05:36,0x0536,I_T1102ARPIT/LLN0$GO$gocb3,10000,224198,3,N/A,1,False,315,0.004185
127,2025-08-16 16:09:15.411982,00:60:36:50:a3:26,01:0c:cd:01:05:36,0x0536,I_T1102ARPIT/LLN0$GO$gocb3,10000,224198,4,N/A,1,False,315,0.007822
128,2025-08-16 16:09:15.756323,00:60:36:86:31:46,01:0c:cd:01:05:41,0x0541,NIT1102ARPIT/LLN0$GO$gocb2,10000,1155752,0,N/A,1,False,343,0.344341
129,2025-08-16 16:09:15.758292,00:60:36:86:31:46,01:0c:cd:01:05:41,0x0541,NIT1102ARPIT/LLN0$GO$gocb2,10000,1155752,1,N/A,1,False,343,0.001969
130,2025-08-16 16:09:15.760299,00:60:36:86:31:46,01:0c:cd:01:05:41,0x0541,NIT1102ARPIT/LLN0$GO$gocb2,10000,1155752,2,N/A,1,False,343,0.002007
131,2025-08-16 16:09:15.764277,00:60:36:86:31:46,01:0c:cd:01:05:41,0x0541,NIT1102ARPIT/LLN0$GO$gocb2,10000,1155752,3,N/A,1,False,343,0.003978
132,2025-08-16 16:09:15.772320,00:60:36:86:31:46,01:0c:cd:01:05:41,0x0541,NIT1102ARPIT/LLN0$GO$gocb2,10000,1155752,4,N/A,1,False,343,0.008043
133,2025-08-16 16:09:16.016184,00:60:36:50:a3:26,01:0c:cd:01:05:36,0x0536,I_T1102ARPIT/LLN0$GO$gocb3,10000,224199,0,N/A,1,False,315,0.243864
134,2025-08-16 16:09:16.018325,00:60:36:50:a3:26,01:0c:cd:01:05:36,0x0536,I_T1102ARPIT/LLN0$GO$gocb3,10000,224199,1,N/A,1,False,315,0.002141
135,2025-08-16 16:09:16.019964,00:60:36:50:a3:26,01:0c:cd:01:05:36,0x0536,I_T1102ARPIT/LLN0$GO$gocb3,10000,224199,2,N/A,1,False,315,0.001639
136,2025-08-16 16:09:16.024006,00:60:36:50:a3:26,01:0c:cd:01:05:36,0x0536,I_T1102ARPIT/LLN0$GO$gocb3,10000,224199,3,N/A,1,False,315,0.004042
137,2025-08-16 16:09:16.032059,00:60:36:50:a3:26,01:0c:cd:01:05:36,0x0536,I_T1102ARPIT/LLN0$GO$gocb3,10000,224199,4,N/A,1,False,315,0.008053
138,2025-08-16 16:09:16.104416,00:10:00:00:05:2c,01:0c:cd:01:05:2d,0x052d,C_T1003XPIGO/LLN0$GO$gocb2,10000,15,138176,N/A,1,False,288,0.072357
139,2025-08-16 16:09:16.164486,00:60:36:50:a3:26,01:0c:cd:01:05:33,0x0533,I_T1102ARPIT/LLN0$GO$gocb0,10000,34,55766,N/A,1,False,320,0.06007
140,2025-08-16 16:09:16.383995,00:a0:03:6a:70:60,01:0c:cd:01:05:32,0x0532,P_T1102APIGO/LLN0$GO$gocb0,10000,1,3079,N/A,1,False,233,0.219509
141,2025-08-16 16:09:16.404425,00:60:36:86:31:46,01:0c:cd:01:05:41,0x0541,NIT1102ARPIT/LLN0$GO$gocb2,10000,1155753,0,N/A,1,False,343,0.02043
142,2025-08-16 16:09:16.406218,00:60:36:86:31:46,01:0c:cd:01:05:41,0x0541,NIT1102ARPIT/LLN0$GO$gocb2,10000,1155753,1,N/A,1,False,343,0.001793
143,2025-08-16 16:09:16.408471,00:60:36:86:31:46,01:0c:cd:01:05:41,0x0541,NIT1102ARPIT/LLN0$GO$gocb2,10000,1155753,2,N/A,1,False,343,0.002253
144,2025-08-16 16:09:16.412406,00:60:36:86:31:46,01:0c:cd:01:05:41,0x0541,NIT1102ARPIT/LLN0$GO$gocb2,10000,1155753,3,N/A,1,False,343,0.003935
145,2025-08-16 16:09:16.420784,00:60:36:86:31:46,01:0c:cd:01:05:41,0x0541,NIT1102ARPIT/LLN0$GO$gocb2,10000,1155753,4,N/A,1,False,343,0.008378
146,2025-08-16 16:09:16.878748,00:60:36:50:a3:26,01:0c:cd:01:05:34,0x0534,I_T1102ARPIT/LLN0$GO$gocb1,10000,47,2906,N/A,1,False,356,0.457964
147,2025-08-16 16:09:16.922752,00:60:36:86:31:46,01:0c:cd:01:05:41,0x0541,NIT1102ARPIT/LLN0$GO$gocb2,10000,1155754,0,N/A,1,False,343,0.044004
148,2025-08-16 16:09:16.924911,00:60:36:86:31:46,01:0c:cd:01:05:41,0x0541,NIT1102ARPIT/LLN0$GO$gocb2,10000,1155754,1,N/A,1,False,343,0.002159
149,2025-08-16 16:09:16.927424,00:60:36:86:31:46,01:0c:cd:01:05:41,0x0541,NIT1102ARPIT/LLN0$GO$gocb2,10000,1155754,2,N/A,1,False,343,0.002513
150,2025-08-16 16:09:16.930874,00:60:36:86:31:46,01:0c:cd:01:05:41,0x0541,NIT1102ARPIT/LLN0$GO$gocb2,10000,1155754,3,N/A,1,False,343,0.00345
151,2025-08-16 16:09:16.939031,00:60:36:86:31:46,01:0c:cd:01:05:41,0x0541,NIT1102ARPIT/LLN0$GO$gocb2,10000,1155754,4,N/A,1,False,343,0.008157
152,2025-08-16 16:09:17.052864,00:60:36:86:31:46,01:0c:cd:01:05:41,0x0541,NIT1102ARPIT/LLN0$GO$gocb2,10000,1155755,0,N/A,1,False,343,0.113833
153,2025-08-16 16:09:17.054753,00:60:36:86:31:46,01:0c:cd:01:05:41,0x0541,NIT1102ARPIT/LLN0$GO$gocb2,10000,1155755,1,N/A,1,False,343,0.001889
154,2025-08-16 16:09:17.057595,00:60:36:86:31:46,01:0c:cd:01:05:41,0x0541,NIT1102ARPIT/LLN0$GO$gocb2,10000,1155755,2,N/A,1,False,343,0.002842
155,2025-08-16 16:09:17.060770,00:60:36:86:31:46,01:0c:cd:01:05:41,0x0541,NIT1102ARPIT/LLN0$GO$gocb2,10000,1155755,3,N/A,1,False,343,0.003175
156,2025-08-16 16:09:17.069925,00:60:36:86:31:46,01:0c:cd:01:05:41,0x0541,NIT1102ARPIT/LLN0$GO$gocb2,10000,1155755,4,N/A,1,False,343,0.009155
157,2025-08-16 16:09:17.080450,00:10:00:00:05:26,01:0c:cd:01:05:27,0x0527,C_T1102XPIGO/LLN0$GO$gocb2,10000,1,2908,N/A,1,False,287,0.010525
158,2025-08-16 16:09:17.080450,00:10:00:00:05:26,01:0c:cd:01:05:28,0x0528,C_T1102XPIGO/LLN0$GO$gocb3,10000,1,2908,N/A,1,False,165,0.0
159,2025-08-16 16:09:17.099980,00:60:36:50:a3:26,01:0c:cd:01:05:36,0x0536,I_T1102ARPIT/LLN0$GO$gocb3,10000,224200,0,N/A,1,False,315,0.01953
160,2025-08-16 16:09:17.101969,00:60:36:50:a3:26,01:0c:cd:01:05:36,0x0536,I_T1102ARPIT/LLN0$GO$gocb3,10000,224200,1,N/A,1,False,315,0.001989
161,2025-08-16 16:09:17.103993,00:60:36:50:a3:26,01:0c:cd:01:05:36,0x0536,I_T1102ARPIT/LLN0$GO$gocb3,10000,224200,2,N/A,1,False,315,0.002024
162,2025-08-16 16:09:17.108049,00:60:36:50:a3:26,01:0c:cd:01:05:36,0x0536,I_T1102ARPIT/LLN0$GO$gocb3,10000,224200,3,N/A,1,False,315,0.004056
163,2025-08-16 16:09:17.116150,00:60:36:50:a3:26,01:0c:cd:01:05:36,0x0536,I_T1102ARPIT/LLN0$GO$gocb3,10000,224200,4,N/A,1,False,315,0.008101
164,2025-08-16 16:09:17.571362,00:60:36:86:31:46,01:0c:cd:01:05:41,0x0541,NIT1102ARPIT/LLN0$GO$gocb2,10000,1155756,0,N/A,1,False,343,0.455212
165,2025-08-16 16:09:17.573568,00:60:36:86:31:46,01:0c:cd:01:05:41,0x0541,NIT1102ARPIT/LLN0$GO$gocb2,10000,1155756,1,N/A,1,False,343,0.002206
166,2025-08-16 16:09:17.576016,00:60:36:86:31:46,01:0c:cd:01:05:41,0x0541,NIT1102ARPIT/LLN0$GO$gocb2,10000,1155756,2,N/A,1,False,343,0.002448
167,2025-08-16 16:09:17.579352,00:60:36:86:31:46,01:0c:cd:01:05:41,0x0541,NIT1102ARPIT/LLN0$GO$gocb2,10000,1155756,3,N/A,1,False,343,0.003336
168,2025-08-16 16:09:17.587318,00:60:36:86:31:46,01:0c:cd:01:05:41,0x0541,NIT1102ARPIT/LLN0$GO$gocb2,10000,1155756,4,N/A,1,False,343,0.007966
169,2025-08-16 16:09:17.718128,00:60:36:76:21:88,01:0c:cd:01:05:3a,0x053a,I_T1002ARPIT/LLN0$GO$gocb3,10000,27,3348,N/A,1,False,315,0.13081
170,2025-08-16 16:09:17.719555,00:60:36:50:a3:26,01:0c:cd:01:05:36,0x0536,I_T1102ARPIT/LLN0$GO$gocb3,10000,224201,0,N/A,1,False,315,0.001427
171,2025-08-16 16:09:17.722078,00:60:36:50:a3:26,01:0c:cd:01:05:36,0x0536,I_T1102ARPIT/LLN0$GO$gocb3,10000,224201,1,N/A,1,False,315,0.002523
172,2025-08-16 16:09:17.723995,00:60:36:50:a3:26,01:0c:cd:01:05:36,0x0536,I_T1102ARPIT/LLN0$GO$gocb3,10000,224201,2,N/A,1,False,315,0.001917
173,2025-08-16 16:09:17.727624,00:60:36:50:a3:26,01:0c:cd:01:05:36,0x0536,I_T1102ARPIT/LLN0$GO$gocb3,10000,224201,3,N/A,1,False,315,0.003629
174,2025-08-16 16:09:17.735523,00:60:36:50:a3:26,01:0c:cd:01:05:36,0x0536,I_T1102ARPIT/LLN0$GO$gocb3,10000,224201,4,N/A,1,False,315,0.007899
175,2025-08-16 16:09:17.763023,00:60:36:76:21:88,01:0c:cd:01:05:39,0x0539,I_T1002ARPIT/LLN0$GO$gocb2,10000,3,52879,N/A,1,False,1059,0.0275
176,2025-08-16 16:09:17.838764,00:60:36:86:31:46,01:0c:cd:01:05:40,0x0540,NIT1102ARPIT/LLN0$GO$gocb1,10000,63,13,N/A,1,False,398,0.075741
177,2025-08-16 16:09:18.045573,00:60:36:50:a3:26,01:0c:cd:01:05:35,0x0535,I_T1102ARPIT/LLN0$GO$gocb2,10000,65,20593,N/A,1,False,1059,0.206809
178,2025-08-16 16:09:18.152996,00:10:00:00:05:2c,01:0c:cd:01:05:2c,0x052c,C_T1003XPIGO/LLN0$GO$gocb1,10000,1,279489,N/A,1,False,202,0.107423
179,2025-08-16 16:09:18.153899,00:10:00:00:05:2c,01:0c:cd:01:05:2e,0x052e,C_T1003XPIGO/LLN0$GO$gocb3,10000,1,279489,N/A,1,False,166,0.000903
180,2025-08-16 16:09:18.218722,00:10:00:00:05:26,01:0c:cd:01:05:26,0x0526,C_T1102XPIGO/LLN0$GO$gocb1,10000,2,2907,N/A,1,False,201,0.064823
181,2025-08-16 16:09:18.522224,00:10:00:00:05:2f,01:0c:cd:01:05:2f,0x052f,CBT1102XPIGO/LLN0$GO$gocb1,10000,1,3112,N/A,1,False,201,0.303502
182,2025-08-16 16:09:18.522892,00:10:00:00:05:2f,01:0c:cd:01:05:30,0x0530,CBT1102XPIGO/LLN0$GO$gocb2,10000,1,3112,N/A,1,False,287,0.000668
183,2025-08-16 16:09:18.524239,00:10:00:00:05:2f,01:0c:cd:01:05:31,0x0531,CBT1102XPIGO/LLN0$GO$gocb3,10000,1,3112,N/A,1,False,165,0.001347
184,2025-08-16 16:09:18.534755,00:60:36:14:96:56,01:0c:cd:01:05:3d,0x053d,I_T1003ARPIT/LLN0$GO$gocb2,10000,1,52991,N/A,1,False,1059,0.010516
185,2025-08-16 16:09:18.607336,00:60:36:86:31:46,01:0c:cd:01:05:41,0x0541,NIT1102ARPIT/LLN0$GO$gocb2,10000,1155757,0,N/A,1,False,343,0.072581
186,2025-08-16 16:09:18.609248,00:60:36:86:31:46,01:0c:cd:01:05:41,0x0541,NIT1102ARPIT/LLN0$GO$gocb2,10000,1155757,1,N/A,1,False,343,0.001912
187,2025-08-16 16:09:18.612005,00:60:36:86:31:46,01:0c:cd:01:05:41,0x0541,NIT1102ARPIT/LLN0$GO$gocb2,10000,1155757,2,N/A,1,False,343,0.002757
188,2025-08-16 16:09:18.615564,00:60:36:86:31:46,01:0c:cd:01:05:41,0x0541,NIT1102ARPIT/LLN0$GO$gocb2,10000,1155757,3,N/A,1,False,343,0.003559
189,2025-08-16 16:09:18.624006,00:60:36:86:31:46,01:0c:cd:01:05:41,0x0541,NIT1102ARPIT/LLN0$GO$gocb2,10000,1155757,4,N/A,1,False,343,0.008442
190,2025-08-16 16:09:18.736255,00:60:36:76:21:88,01:0c:cd:01:05:38,0x0538,I_T1002ARPIT/LLN0$GO$gocb1,10000,20,2980,N/A,1,False,356,0.112249
191,2025-08-16 16:09:18.802397,00:60:36:50:a3:26,01:0c:cd:01:05:36,0x0536,I_T1102ARPIT/LLN0$GO$gocb3,10000,224202,0,N/A,1,False,315,0.066142
192,2025-08-16 16:09:18.805178,00:60:36:50:a3:26,01:0c:cd:01:05:36,0x0536,I_T1102ARPIT/LLN0$GO$gocb3,10000,224202,1,N/A,1,False,315,0.002781
193,2025-08-16 16:09:18.807337,00:60:36:50:a3:26,01:0c:cd:01:05:36,0x0536,I_T1102ARPIT/LLN0$GO$gocb3,10000,224202,2,N/A,1,False,315,0.002159
194,2025-08-16 16:09:18.807337,00:10:00:00:05:29,01:0c:cd:01:05:29,0x0529,C_T1002XPIGO/LLN0$GO$gocb1,10000,1,2982,N/A,1,False,201,0.0
196,2025-08-16 16:09:18.808705,00:10:00:00:05:29,01:0c:cd:01:05:2b,0x052b,C_T1002XPIGO/LLN0$GO$gocb3,10000,1,2982,N/A,1,False,165,0.001368
195,2025-08-16 16:09:18.808705,00:10:00:00:05:29,01:0c:cd:01:05:2a,0x052a,C_T1002XPIGO/LLN0$GO$gocb2,10000,1,2982,N/A,1,False,287,0.0
197,2025-08-16 16:09:18.810518,00:60:36:50:a3:26,01:0c:cd:01:05:36,0x0536,I_T1102ARPIT/LLN0$GO$gocb3,10000,224202,3,N/A,1,False,315,0.001813
198,2025-08-16 16:09:18.818447,00:60:36:50:a3:26,01:0c:cd:01:05:36,0x0536,I_T1102ARPIT/LLN0$GO$gocb3,10000,224202,4,N/A,1,False,315,0.007929
199,2025-08-16 16:09:19.004413,00:60:36:14:96:56,01:0c:cd:01:05:3e,0x053e,I_T1003ARPIT/LLN0$GO$gocb3,10000,29,3240,N/A,1,False,315,0.185966
200,2025-08-16 16:09:19.027048,00:60:36:14:96:56,01:0c:cd:01:05:3b,0x053b,I_T1003ARPIT/LLN0$GO$gocb0,10000,2,52989,N/A,1,False,320,0.022635
201,2025-08-16 16:09:19.130345,00:60:36:86:31:46,01:0c:cd:01:05:41,0x0541,NIT1102ARPIT/LLN0$GO$gocb2,10000,1155758,0,N/A,1,False,343,0.103297
202,2025-08-16 16:09:19.132332,00:60:36:86:31:46,01:0c:cd:01:05:41,0x0541,NIT1102ARPIT/LLN0$GO$gocb2,10000,1155758,1,N/A,1,False,343,0.001987
203,2025-08-16 16:09:19.134328,00:60:36:86:31:46,01:0c:cd:01:05:41,0x0541,NIT1102ARPIT/LLN0$GO$gocb2,10000,1155758,2,N/A,1,False,343,0.001996
204,2025-08-16 16:09:19.138298,00:60:36:86:31:46,01:0c:cd:01:05:41,0x0541,NIT1102ARPIT/LLN0$GO$gocb2,10000,1155758,3,N/A,1,False,343,0.00397
205,2025-08-16 16:09:19.146323,00:60:36:86:31:46,01:0c:cd:01:05:41,0x0541,NIT1102ARPIT/LLN0$GO$gocb2,10000,1155758,4,N/A,1,False,343,0.008025
206,2025-08-16 16:09:19.266501,00:60:36:50:a3:26,01:0c:cd:01:05:36,0x0536,I_T1102ARPIT/LLN0$GO$gocb3,10000,224203,0,N/A,1,False,315,0.120178
207,2025-08-16 16:09:19.268521,00:60:36:50:a3:26,01:0c:cd:01:05:36,0x0536,I_T1102ARPIT/LLN0$GO$gocb3,10000,224203,1,N/A,1,False,315,0.00202
208,2025-08-16 16:09:19.270508,00:60:36:50:a3:26,01:0c:cd:01:05:36,0x0536,I_T1102ARPIT/LLN0$GO$gocb3,10000,224203,2,N/A,1,False,315,0.001987
209,2025-08-16 16:09:19.274996,00:60:36:50:a3:26,01:0c:cd:01:05:36,0x0536,I_T1102ARPIT/LLN0$GO$gocb3,10000,224203,3,N/A,1,False,315,0.004488
210,2025-08-16 16:09:19.282517,00:60:36:50:a3:26,01:0c:cd:01:05:36,0x0536,I_T1102ARPIT/LLN0$GO$gocb3,10000,224203,4,N/A,1,False,315,0.007521
211,2025-08-16 16:09:19.349669,00:60:36:14:96:56,01:0c:cd:01:05:3c,0x053c,I_T1003ARPIT/LLN0$GO$gocb1,10000,12,3061,N/A,1,False,356,0.067152
212,2025-08-16 16:09:19.349769,00:60:36:86:31:46,01:0c:cd:01:05:3f,0x053f,NIT1102ARPIT/LLN0$GO$gocb0,10000,110,3061,N/A,1,False,605,0.0001
213,2025-08-16 16:09:20.388052,00:60:36:76:21:88,01:0c:cd:01:05:37,0x0537,I_T1002ARPIT/LLN0$GO$gocb0,10000,2,52994,N/A,1,False,320,1.038283
214,2025-08-16 16:09:20.516194,00:60:36:50:a3:26,01:0c:cd:01:05:36,0x0536,I_T1102ARPIT/LLN0$GO$gocb3,10000,224204,0,N/A,1,False,315,0.128142
215,2025-08-16 16:09:20.516252,00:60:36:50:a3:26,01:0c:cd:01:05:36,0x0536,I_T1102ARPIT/LLN0$GO$gocb3,10000,224204,1,N/A,1,False,315,5.8e-05
216,2025-08-16 16:09:20.518410,00:60:36:50:a3:26,01:0c:cd:01:05:36,0x0536,I_T1102ARPIT/LLN0$GO$gocb3,10000,224204,2,N/A,1,False,315,0.002158
217,2025-08-16 16:09:20.523927,00:60:36:50:a3:26,01:0c:cd:01:05:36,0x0536,I_T1102ARPIT/LLN0$GO$gocb3,10000,224204,3,N/A,1,False,315,0.005517
218,2025-08-16 16:09:20.531572,00:60:36:50:a3:26,01:0c:cd:01:05:36,0x0536,I_T1102ARPIT/LLN0$GO$gocb3,10000,224204,4,N/A,1,False,315,0.007645
219,2025-08-16 16:09:20.991317,00:60:36:50:a3:26,01:0c:cd:01:05:36,0x0536,I_T1102ARPIT/LLN0$GO$gocb3,10000,224205,0,N/A,1,False,315,0.459745
220,2025-08-16 16:09:20.992863,00:60:36:50:a3:26,01:0c:cd:01:05:36,0x0536,I_T1102ARPIT/LLN0$GO$gocb3,10000,224205,1,N/A,1,False,315,0.001546
221,2025-08-16 16:09:20.994859,00:60:36:50:a3:26,01:0c:cd:01:05:36,0x0536,I_T1102ARPIT/LLN0$GO$gocb3,10000,224205,2,N/A,1,False,315,0.001996
222,2025-08-16 16:09:20.999203,00:60:36:50:a3:26,01:0c:cd:01:05:36,0x0536,I_T1102ARPIT/LLN0$GO$gocb3,10000,224205,3,N/A,1,False,315,0.004344
223,2025-08-16 16:09:21.007032,00:60:36:50:a3:26,01:0c:cd:01:05:36,0x0536,I_T1102ARPIT/LLN0$GO$gocb3,10000,224205,4,N/A,1,False,315,0.007829
224,2025-08-16 16:09:21.102802,00:10:00:00:05:2c,01:0c:cd:01:05:2d,0x052d,C_T1003XPIGO/LLN0$GO$gocb2,10000,15,138177,N/A,1,False,288,0.09577
225,2025-08-16 16:09:21.165036,00:60:36:50:a3:26,01:0c:cd:01:05:33,0x0533,I_T1102ARPIT/LLN0$GO$gocb0,10000,34,55767,N/A,1,False,320,0.062234
226,2025-08-16 16:09:21.373833,00:60:36:86:31:46,01:0c:cd:01:05:41,0x0541,NIT1102ARPIT/LLN0$GO$gocb2,10000,1155759,0,N/A,1,False,343,0.208797
227,2025-08-16 16:09:21.375844,00:60:36:86:31:46,01:0c:cd:01:05:41,0x0541,NIT1102ARPIT/LLN0$GO$gocb2,10000,1155759,1,N/A,1,False,343,0.002011
228,2025-08-16 16:09:21.377815,00:60:36:86:31:46,01:0c:cd:01:05:41,0x0541,NIT1102ARPIT/LLN0$GO$gocb2,10000,1155759,2,N/A,1,False,343,0.001971
229,2025-08-16 16:09:21.381812,00:60:36:86:31:46,01:0c:cd:01:05:41,0x0541,NIT1102ARPIT/LLN0$GO$gocb2,10000,1155759,3,N/A,1,False,343,0.003997
230,2025-08-16 16:09:21.385468,00:a0:03:6a:70:60,01:0c:cd:01:05:32,0x0532,P_T1102APIGO/LLN0$GO$gocb0,10000,1,3080,N/A,1,False,233,0.003656
231,2025-08-16 16:09:21.389819,00:60:36:86:31:46,01:0c:cd:01:05:41,0x0541,NIT1102ARPIT/LLN0$GO$gocb2,10000,1155759,4,N/A,1,False,343,0.004351
232,2025-08-16 16:09:21.873586,00:60:36:50:a3:26,01:0c:cd:01:05:34,0x0534,I_T1102ARPIT/LLN0$GO$gocb1,10000,47,2907,N/A,1,False,356,0.483767
233,2025-08-16 16:09:21.895037,00:60:36:86:31:46,01:0c:cd:01:05:41,0x0541,NIT1102ARPIT/LLN0$GO$gocb2,10000,1155760,0,N/A,1,False,343,0.021451
234,2025-08-16 16:09:21.895462,00:60:36:86:31:46,01:0c:cd:01:05:41,0x0541,NIT1102ARPIT/LLN0$GO$gocb2,10000,1155760,1,N/A,1,False,343,0.000425
235,2025-08-16 16:09:21.897162,00:60:36:86:31:46,01:0c:cd:01:05:41,0x0541,NIT1102ARPIT/LLN0$GO$gocb2,10000,1155760,2,N/A,1,False,343,0.0017
236,2025-08-16 16:09:21.901158,00:60:36:86:31:46,01:0c:cd:01:05:41,0x0541,NIT1102ARPIT/LLN0$GO$gocb2,10000,1155760,3,N/A,1,False,343,0.003996
237,2025-08-16 16:09:21.909336,00:60:36:86:31:46,01:0c:cd:01:05:41,0x0541,NIT1102ARPIT/LLN0$GO$gocb2,10000,1155760,4,N/A,1,False,343,0.008178
238,2025-08-16 16:09:22.023304,00:60:36:86:31:46,01:0c:cd:01:05:41,0x0541,NIT1102ARPIT/LLN0$GO$gocb2,10000,1155761,0,N/A,1,False,343,0.113968
239,2025-08-16 16:09:22.024821,00:60:36:86:31:46,01:0c:cd:01:05:41,0x0541,NIT1102ARPIT/LLN0$GO$gocb2,10000,1155761,1,N/A,1,False,343,0.001517
240,2025-08-16 16:09:22.026827,00:60:36:86:31:46,01:0c:cd:01:05:41,0x0541,NIT1102ARPIT/LLN0$GO$gocb2,10000,1155761,2,N/A,1,False,343,0.002006
241,2025-08-16 16:09:22.030836,00:60:36:86:31:46,01:0c:cd:01:05:41,0x0541,NIT1102ARPIT/LLN0$GO$gocb2,10000,1155761,3,N/A,1,False,343,0.004009
242,2025-08-16 16:09:22.038839,00:60:36:86:31:46,01:0c:cd:01:05:41,0x0541,NIT1102ARPIT/LLN0$GO$gocb2,10000,1155761,4,N/A,1,False,343,0.008003
243,2025-08-16 16:09:22.077980,00:10:00:00:05:26,01:0c:cd:01:05:27,0x0527,C_T1102XPIGO/LLN0$GO$gocb2,10000,1,2909,N/A,1,False,287,0.039141
244,2025-08-16 16:09:22.078188,00:10:00:00:05:26,01:0c:cd:01:05:28,0x0528,C_T1102XPIGO/LLN0$GO$gocb3,10000,1,2909,N/A,1,False,165,0.000208
245,2025-08-16 16:09:22.260053,00:60:36:50:a3:26,01:0c:cd:01:05:36,0x0536,I_T1102ARPIT/LLN0$GO$gocb3,10000,224206,0,N/A,1,False,315,0.181865
246,2025-08-16 16:09:22.262032,00:60:36:50:a3:26,01:0c:cd:01:05:36,0x0536,I_T1102ARPIT/LLN0$GO$gocb3,10000,224206,1,N/A,1,False,315,0.001979
247,2025-08-16 16:09:22.264025,00:60:36:50:a3:26,01:0c:cd:01:05:36,0x0536,I_T1102ARPIT/LLN0$GO$gocb3,10000,224206,2,N/A,1,False,315,0.001993
248,2025-08-16 16:09:22.267972,00:60:36:50:a3:26,01:0c:cd:01:05:36,0x0536,I_T1102ARPIT/LLN0$GO$gocb3,10000,224206,3,N/A,1,False,315,0.003947
249,2025-08-16 16:09:22.275449,00:60:36:50:a3:26,01:0c:cd:01:05:36,0x0536,I_T1102ARPIT/LLN0$GO$gocb3,10000,224206,4,N/A,1,False,315,0.007477
250,2025-08-16 16:09:22.539269,00:60:36:86:31:46,01:0c:cd:01:05:41,0x0541,NIT1102ARPIT/LLN0$GO$gocb2,10000,1155762,0,N/A,1,False,343,0.26382
251,2025-08-16 16:09:22.543536,00:60:36:86:31:46,01:0c:cd:01:05:41,0x0541,NIT1102ARPIT/LLN0$GO$gocb2,10000,1155762,1,N/A,1,False,343,0.004267
252,2025-08-16 16:09:22.543536,00:60:36:86:31:46,01:0c:cd:01:05:41,0x0541,NIT1102ARPIT/LLN0$GO$gocb2,10000,1155762,2,N/A,1,False,343,0.0
253,2025-08-16 16:09:22.547309,00:60:36:86:31:46,01:0c:cd:01:05:41,0x0541,NIT1102ARPIT/LLN0$GO$gocb2,10000,1155762,3,N/A,1,False,343,0.003773
254,2025-08-16 16:09:22.555343,00:60:36:86:31:46,01:0c:cd:01:05:41,0x0541,NIT1102ARPIT/LLN0$GO$gocb2,10000,1155762,4,N/A,1,False,343,0.008034
255,2025-08-16 16:09:22.670014,00:60:36:86:31:46,01:0c:cd:01:05:41,0x0541,NIT1102ARPIT/LLN0$GO$gocb2,10000,1155763,0,N/A,1,False,343,0.114671
256,2025-08-16 16:09:22.670720,00:60:36:86:31:46,01:0c:cd:01:05:41,0x0541,NIT1102ARPIT/LLN0$GO$gocb2,10000,1155763,1,N/A,1,False,343,0.000706
257,2025-08-16 16:09:22.675428,00:60:36:86:31:46,01:0c:cd:01:05:41,0x0541,NIT1102ARPIT/LLN0$GO$gocb2,10000,1155763,2,N/A,1,False,343,0.004708
258,2025-08-16 16:09:22.676793,00:60:36:86:31:46,01:0c:cd:01:05:41,0x0541,NIT1102ARPIT/LLN0$GO$gocb2,10000,1155763,3,N/A,1,False,343,0.001365
259,2025-08-16 16:09:22.686168,00:60:36:86:31:46,01:0c:cd:01:05:41,0x0541,NIT1102ARPIT/LLN0$GO$gocb2,10000,1155763,4,N/A,1,False,343,0.009375
260,2025-08-16 16:09:22.717801,00:60:36:76:21:88,01:0c:cd:01:05:3a,0x053a,I_T1002ARPIT/LLN0$GO$gocb3,10000,27,3349,N/A,1,False,315,0.031633
261,2025-08-16 16:09:22.736832,00:60:36:50:a3:26,01:0c:cd:01:05:36,0x0536,I_T1102ARPIT/LLN0$GO$gocb3,10000,224207,0,N/A,1,False,315,0.019031
262,2025-08-16 16:09:22.737507,00:60:36:50:a3:26,01:0c:cd:01:05:36,0x0536,I_T1102ARPIT/LLN0$GO$gocb3,10000,224207,1,N/A,1,False,315,0.000675
263,2025-08-16 16:09:22.741163,00:60:36:50:a3:26,01:0c:cd:01:05:36,0x0536,I_T1102ARPIT/LLN0$GO$gocb3,10000,224207,2,N/A,1,False,315,0.003656
264,2025-08-16 16:09:22.743696,00:60:36:50:a3:26,01:0c:cd:01:05:36,0x0536,I_T1102ARPIT/LLN0$GO$gocb3,10000,224207,3,N/A,1,False,315,0.002533
265,2025-08-16 16:09:22.751663,00:60:36:50:a3:26,01:0c:cd:01:05:36,0x0536,I_T1102ARPIT/LLN0$GO$gocb3,10000,224207,4,N/A,1,False,315,0.007967
266,2025-08-16 16:09:22.764049,00:60:36:76:21:88,01:0c:cd:01:05:39,0x0539,I_T1002ARPIT/LLN0$GO$gocb2,10000,3,52880,N/A,1,False,1059,0.012386
267,2025-08-16 16:09:22.838821,00:60:36:86:31:46,01:0c:cd:01:05:40,0x0540,NIT1102ARPIT/LLN0$GO$gocb1,10000,63,14,N/A,1,False,398,0.074772
268,2025-08-16 16:09:23.045805,00:60:36:50:a3:26,01:0c:cd:01:05:35,0x0535,I_T1102ARPIT/LLN0$GO$gocb2,10000,65,20594,N/A,1,False,1059,0.206984
269,2025-08-16 16:09:23.151233,00:10:00:00:05:2c,01:0c:cd:01:05:2c,0x052c,C_T1003XPIGO/LLN0$GO$gocb1,10000,1,279490,N/A,1,False,202,0.105428
270,2025-08-16 16:09:23.152700,00:10:00:00:05:2c,01:0c:cd:01:05:2e,0x052e,C_T1003XPIGO/LLN0$GO$gocb3,10000,1,279490,N/A,1,False,166,0.001467
271,2025-08-16 16:09:23.217745,00:10:00:00:05:26,01:0c:cd:01:05:26,0x0526,C_T1102XPIGO/LLN0$GO$gocb1,10000,2,2908,N/A,1,False,201,0.065045
272,2025-08-16 16:09:23.521148,00:10:00:00:05:2f,01:0c:cd:01:05:2f,0x052f,CBT1102XPIGO/LLN0$GO$gocb1,10000,1,3113,N/A,1,False,201,0.303403
273,2025-08-16 16:09:23.521887,00:10:00:00:05:2f,01:0c:cd:01:05:30,0x0530,CBT1102XPIGO/LLN0$GO$gocb2,10000,1,3113,N/A,1,False,287,0.000739
274,2025-08-16 16:09:23.522873,00:10:00:00:05:2f,01:0c:cd:01:05:31,0x0531,CBT1102XPIGO/LLN0$GO$gocb3,10000,1,3113,N/A,1,False,165,0.000986
275,2025-08-16 16:09:23.533739,00:60:36:14:96:56,01:0c:cd:01:05:3d,0x053d,I_T1003ARPIT/LLN0$GO$gocb2,10000,1,52992,N/A,1,False,1059,0.010866
277,2025-08-16 16:09:23.579611,00:60:36:86:31:46,01:0c:cd:01:05:41,0x0541,NIT1102ARPIT/LLN0$GO$gocb2,10000,1155764,1,N/A,1,False,343,0.045872
276,2025-08-16 16:09:23.579611,00:60:36:86:31:46,01:0c:cd:01:05:41,0x0541,NIT1102ARPIT/LLN0$GO$gocb2,10000,1155764,0,N/A,1,False,343,0.0
278,2025-08-16 16:09:23.579679,00:60:36:86:31:46,01:0c:cd:01:05:41,0x0541,NIT1102ARPIT/LLN0$GO$gocb2,10000,1155764,2,N/A,1,False,343,6.8e-05
279,2025-08-16 16:09:23.585426,00:60:36:86:31:46,01:0c:cd:01:05:41,0x0541,NIT1102ARPIT/LLN0$GO$gocb2,10000,1155764,3,N/A,1,False,343,0.005747
280,2025-08-16 16:09:23.591801,00:60:36:86:31:46,01:0c:cd:01:05:41,0x0541,NIT1102ARPIT/LLN0$GO$gocb2,10000,1155764,4,N/A,1,False,343,0.006375
281,2025-08-16 16:09:23.736817,00:60:36:76:21:88,01:0c:cd:01:05:38,0x0538,I_T1002ARPIT/LLN0$GO$gocb1,10000,20,2981,N/A,1,False,356,0.145016
282,2025-08-16 16:09:23.805590,00:10:00:00:05:29,01:0c:cd:01:05:29,0x0529,C_T1002XPIGO/LLN0$GO$gocb1,10000,1,2983,N/A,1,False,201,0.068773
284,2025-08-16 16:09:23.807719,00:10:00:00:05:29,01:0c:cd:01:05:2b,0x052b,C_T1002XPIGO/LLN0$GO$gocb3,10000,1,2983,N/A,1,False,165,0.002129
283,2025-08-16 16:09:23.807719,00:10:00:00:05:29,01:0c:cd:01:05:2a,0x052a,C_T1002XPIGO/LLN0$GO$gocb2,10000,1,2983,N/A,1,False,287,0.0
285,2025-08-16 16:09:24.004204,00:60:36:14:96:56,01:0c:cd:01:05:3e,0x053e,I_T1003ARPIT/LLN0$GO$gocb3,10000,29,3241,N/A,1,False,315,0.196485
